Site,Partition,&alpha;,&beta;,&beta;-&alpha;,Prob[&alpha;>&beta;],Prob[&alpha;<&beta;],BayesFactor[&alpha;<&beta;]
1,1,"2.938","0.136","-2.803","0.762","0.139","0.161"
2,1,"3.122","0.197","-2.925","0.963","0.026","0.026"
3,1,"0.251","0.279","0.028","0.417","0.442","0.793"
4,1,"0.313","3.288","2.975","0.001","0.997","296.533"
5,1,"0.433","0.759","0.326","0.199","0.750","3.000"
6,1,"0.377","0.182","-0.194","0.609","0.260","0.351"
7,1,"0.335","1.031","0.697","0.101","0.864","6.357"
8,1,"2.425","2.128","-0.298","0.338","0.471","0.891"
9,1,"0.763","0.915","0.153","0.301","0.619","1.628"
10,1,"0.369","1.243","0.874","0.083","0.884","7.659"
11,1,"0.310","0.437","0.126","0.305","0.620","1.634"
12,1,"0.424","0.414","-0.010","0.414","0.511","1.046"
13,1,"0.377","0.182","-0.194","0.609","0.260","0.351"
14,1,"0.322","0.201","-0.121","0.555","0.306","0.442"
15,1,"10.493","1.950","-8.543","0.974","0.003","0.003"
16,1,"0.390","2.092","1.702","0.031","0.948","18.369"
17,1,"0.373","0.163","-0.210","0.626","0.239","0.314"
18,1,"0.382","0.658","0.276","0.225","0.720","2.577"
19,1,"3.246","0.297","-2.950","0.664","0.255","0.343"
20,1,"0.752","1.127","0.375","0.213","0.732","2.734"
21,1,"0.287","0.208","-0.079","0.515","0.338","0.510"
22,1,"0.643","0.943","0.300","0.271","0.657","1.913"
23,1,"10.311","4.813","-5.498","0.690","0.069","0.074"
24,1,"0.287","0.208","-0.079","0.515","0.338","0.510"
25,1,"0.333","2.715","2.381","0.005","0.988","80.420"
26,1,"0.592","0.790","0.199","0.292","0.634","1.734"
27,1,"0.373","1.489","1.116","0.059","0.913","10.446"
28,1,"0.370","1.225","0.855","0.085","0.882","7.505"
29,1,"0.259","0.186","-0.073","0.507","0.332","0.497"
30,1,"0.330","0.184","-0.146","0.578","0.282","0.393"
31,1,"0.440","0.564","0.124","0.308","0.630","1.702"
32,1,"0.384","0.916","0.532","0.138","0.820","4.554"
33,1,"0.717","1.108","0.391","0.232","0.693","2.260"
34,1,"0.369","0.402","0.033","0.386","0.536","1.155"
35,1,"0.373","0.163","-0.210","0.626","0.239","0.314"
36,1,"1.003","0.175","-0.828","0.902","0.068","0.073"
37,1,"0.275","0.188","-0.087","0.523","0.322","0.475"
38,1,"0.472","0.927","0.455","0.156","0.796","3.912"
39,1,"4.196","4.837","0.641","0.349","0.542","1.184"
40,1,"0.405","6.726","6.321","0.000","0.999","669.727"
41,1,"0.306","0.177","-0.129","0.564","0.287","0.403"
42,1,"3.246","0.297","-2.950","0.664","0.255","0.343"
43,1,"2.161","0.486","-1.675","0.920","0.055","0.058"
44,1,"1.651","1.936","0.285","0.343","0.495","0.979"
45,1,"0.458","0.408","-0.050","0.438","0.487","0.951"
46,1,"0.393","0.833","0.439","0.142","0.814","4.382"
47,1,"0.385","2.705","2.320","0.006","0.983","58.989"
48,1,"0.650","0.201","-0.449","0.848","0.110","0.123"
49,1,"0.285","3.304","3.019","0.000","0.999","696.708"
50,1,"0.380","2.905","2.525","0.003","0.988","85.269"
51,1,"0.325","6.640","6.315","0.000","1.000","4969.444"
52,1,"0.420","2.284","1.864","0.025","0.955","21.437"
53,1,"1.038","1.148","0.109","0.284","0.635","1.742"
54,1,"0.404","0.166","-0.238","0.640","0.231","0.301"
55,1,"0.425","2.122","1.697","0.032","0.945","17.320"
56,1,"0.295","0.461","0.166","0.274","0.655","1.899"
57,1,"0.365","0.491","0.125","0.321","0.610","1.565"
58,1,"0.322","0.201","-0.121","0.556","0.306","0.440"
59,1,"0.330","0.184","-0.146","0.578","0.282","0.393"
60,1,"0.303","0.158","-0.145","0.581","0.265","0.360"
61,1,"0.373","0.163","-0.210","0.626","0.239","0.314"
62,1,"0.375","0.570","0.196","0.263","0.677","2.097"
63,1,"3.246","0.297","-2.950","0.664","0.255","0.343"
64,1,"0.351","2.765","2.415","0.004","0.988","83.173"
65,1,"0.330","0.184","-0.146","0.578","0.282","0.393"
66,1,"0.276","0.197","-0.079","0.516","0.332","0.497"
67,1,"2.034","0.597","-1.437","0.766","0.182","0.222"
68,1,"0.324","0.217","-0.107","0.542","0.323","0.478"
69,1,"0.288","0.214","-0.074","0.510","0.344","0.525"
70,1,"0.411","0.200","-0.211","0.612","0.266","0.363"
71,1,"0.303","0.158","-0.145","0.581","0.265","0.360"
72,1,"0.319","0.168","-0.150","0.584","0.269","0.369"
73,1,"0.411","0.200","-0.211","0.612","0.266","0.363"
74,1,"0.272","2.515","2.243","0.006","0.989","90.445"
75,1,"0.319","0.168","-0.150","0.584","0.269","0.369"
76,1,"0.754","0.664","-0.090","0.471","0.453","0.828"
77,1,"0.369","0.406","0.037","0.383","0.539","1.172"
78,1,"0.325","1.425","1.100","0.057","0.918","11.243"
79,1,"2.270","1.051","-1.219","0.705","0.196","0.244"
80,1,"0.426","0.436","0.010","0.399","0.528","1.119"
81,1,"0.330","2.267","1.937","0.016","0.972","34.310"
82,1,"0.294","0.269","-0.025","0.469","0.399","0.664"
83,1,"4.554","0.337","-4.217","0.997","0.001","0.001"
84,1,"0.368","0.390","0.021","0.395","0.526","1.110"
85,1,"0.662","0.201","-0.461","0.848","0.110","0.124"
86,1,"1.538","1.730","0.193","0.323","0.525","1.106"
87,1,"0.365","0.491","0.125","0.321","0.610","1.565"
88,1,"0.328","0.491","0.163","0.288","0.643","1.800"
89,1,"0.323","0.211","-0.112","0.547","0.317","0.464"
90,1,"3.246","0.297","-2.950","0.664","0.255","0.343"
91,1,"11.003","3.146","-7.856","0.951","0.001","0.001"
92,1,"0.345","1.527","1.182","0.050","0.926","12.558"
93,1,"0.419","2.276","1.857","0.026","0.954","20.979"
94,1,"0.280","2.453","2.173","0.010","0.983","57.914"
95,1,"0.377","0.713","0.336","0.203","0.745","2.931"
96,1,"0.701","0.153","-0.548","0.898","0.068","0.073"
97,1,"0.390","3.532","3.142","0.002","0.990","99.188"
98,1,"0.929","0.522","-0.407","0.703","0.234","0.306"
99,1,"0.286","0.198","-0.087","0.523","0.327","0.486"
100,1,"0.371","0.528","0.156","0.303","0.630","1.706"
101,1,"5.065","0.277","-4.787","0.998","0.001","0.001"
102,1,"0.466","0.866","0.401","0.183","0.767","3.292"
103,1,"0.584","2.784","2.199","0.006","0.977","43.242"
104,1,"0.322","0.201","-0.121","0.556","0.306","0.440"
105,1,"0.326","7.310","6.984","0.000","1.000","23545.455"
106,1,"0.372","4.174","3.802","0.000","0.995","207.523"
107,1,"2.520","0.241","-2.278","0.970","0.021","0.021"
108,1,"0.280","2.201","1.921","0.013","0.979","45.946"
109,1,"0.602","0.236","-0.366","0.802","0.148","0.174"
110,1,"0.412","0.207","-0.206","0.607","0.272","0.375"
111,1,"0.294","0.434","0.141","0.289","0.636","1.747"
112,1,"0.411","0.200","-0.211","0.612","0.266","0.363"
113,1,"1.186","0.418","-0.767","0.742","0.203","0.255"
114,1,"0.336","0.180","-0.156","0.587","0.273","0.376"
115,1,"0.238","0.216","-0.022","0.455","0.385","0.626"
116,1,"0.456","0.483","0.028","0.383","0.547","1.210"
117,1,"0.251","0.279","0.028","0.417","0.442","0.793"
118,1,"0.287","0.208","-0.079","0.515","0.338","0.510"
119,1,"0.350","5.845","5.495","0.000","0.999","957.961"
120,1,"0.411","2.293","1.882","0.026","0.954","20.894"
121,1,"0.266","2.404","2.139","0.009","0.985","65.466"
122,1,"0.294","0.445","0.151","0.283","0.644","1.807"
123,1,"14.975","1.381","-13.594","0.999","0.000","0.000"
124,1,"0.693","0.239","-0.454","0.824","0.132","0.152"
125,1,"0.287","0.208","-0.079","0.515","0.338","0.510"
126,1,"0.276","0.197","-0.079","0.516","0.332","0.497"
127,1,"0.283","0.252","-0.031","0.472","0.390","0.640"
128,1,"8.535","0.755","-7.779","0.997","0.000","0.000"
129,1,"0.374","0.616","0.242","0.238","0.706","2.402"
130,1,"0.322","0.206","-0.116","0.551","0.312","0.454"
131,1,"0.309","0.199","-0.110","0.546","0.312","0.454"
132,1,"0.406","1.003","0.597","0.118","0.840","5.273"
133,1,"0.590","0.903","0.313","0.249","0.681","2.136"
134,1,"0.348","2.780","2.432","0.005","0.987","73.239"
135,1,"6.518","0.465","-6.052","0.996","0.003","0.003"
136,1,"1.949","0.361","-1.588","0.586","0.348","0.534"
137,1,"0.286","0.198","-0.087","0.523","0.327","0.486"
138,1,"0.381","0.451","0.070","0.360","0.568","1.314"
139,1,"0.551","0.547","-0.004","0.477","0.447","0.810"
140,1,"0.374","1.161","0.787","0.091","0.875","6.989"
141,1,"0.303","0.158","-0.145","0.581","0.265","0.360"
142,1,"0.452","6.725","6.273","0.000","0.997","307.215"
143,1,"0.553","2.742","2.189","0.010","0.970","32.240"
144,1,"1.463","1.828","0.366","0.251","0.632","1.716"
145,1,"11.860","0.329","-11.531","1.000","0.000","0.000"
146,1,"0.309","0.199","-0.110","0.546","0.312","0.454"
147,1,"0.380","0.684","0.304","0.213","0.734","2.760"
148,1,"0.294","1.526","1.232","0.036","0.946","17.535"
149,1,"2.336","0.499","-1.838","0.928","0.048","0.050"
150,1,"0.330","6.606","6.276","0.000","1.000","4225.603"
151,1,"0.440","0.588","0.149","0.294","0.645","1.818"
152,1,"0.641","1.660","1.020","0.113","0.832","4.973"
153,1,"1.045","0.433","-0.611","0.712","0.229","0.297"
154,1,"0.361","2.354","1.992","0.016","0.971","33.140"
155,1,"0.396","2.548","2.152","0.012","0.974","38.061"
156,1,"0.288","0.214","-0.074","0.510","0.344","0.525"
157,1,"0.294","0.269","-0.025","0.469","0.399","0.664"
158,1,"0.371","0.613","0.242","0.237","0.706","2.408"
159,1,"0.311","2.072","1.761","0.023","0.963","26.197"
160,1,"0.333","2.355","2.022","0.015","0.973","36.666"
161,1,"0.375","0.654","0.279","0.221","0.725","2.639"
162,1,"0.473","0.752","0.279","0.220","0.727","2.660"
163,1,"4.467","0.720","-3.747","0.963","0.020","0.020"
164,1,"1.168","7.240","6.072","0.002","0.972","35.190"
165,1,"2.080","0.994","-1.086","0.559","0.356","0.552"
166,1,"0.543","2.975","2.432","0.003","0.989","87.195"
167,1,"0.736","0.872","0.136","0.330","0.592","1.453"
168,1,"0.899","2.923","2.024","0.030","0.922","11.805"
169,1,"2.894","1.992","-0.902","0.315","0.642","1.793"
170,1,"0.487","1.630","1.142","0.091","0.873","6.897"
171,1,"0.402","0.193","-0.209","0.614","0.261","0.353"
172,1,"0.349","0.171","-0.178","0.606","0.256","0.344"
173,1,"0.710","0.234","-0.476","0.832","0.125","0.143"
